id,provinceId,name,slug
1,1,เกาะลันตา,เกาะลันตา
2,1,เขาพนม,เขาพนม
3,1,คลองท่อม,คลองท่อม
4,1,ปลายพระยา,ปลายพระยา
5,1,เมืองกระบี่,เมืองกระบี่
6,1,ลำทับ,ลำทับ
7,1,เหนือคลอง,เหนือคลอง
8,1,อ่าวลึก,อ่าวลึก
9,2,คลองเตย,คลองเตย
10,2,คลองสาน,คลองสาน
11,2,คลองสามวา,คลองสามวา
12,2,คันนายาว,คันนายาว
13,2,จตุจักร,จตุจักร
14,2,จอมทอง,จอมทอง
15,2,ดอนเมือง,ดอนเมือง
16,2,ดินแดง,ดินแดง
17,2,ดุสิต,ดุสิต
18,2,ตลิ่งชัน,ตลิ่งชัน
19,2,ทวีวัฒนา,ทวีวัฒนา
20,2,ทุ่งครุ,ทุ่งครุ
21,2,ธนบุรี,ธนบุรี
22,2,บางกอกน้อย,บางกอกน้อย
23,2,บางกอกใหญ่,บางกอกใหญ่
24,2,บางกะปิ,บางกะปิ
25,2,บางขุนเทียน,บางขุนเทียน
26,2,บางเขน,บางเขน
27,2,บางคอแหลม,บางคอแหลม
28,2,บางแค,บางแค
29,2,บางซื่อ,บางซื่อ
30,2,บางนา,บางนา
31,2,บางบอน,บางบอน
32,2,บางพลัด,บางพลัด
33,2,บางรัก,บางรัก
34,2,บึงกุ่ม,บึงกุ่ม
35,2,ปทุมวัน,ปทุมวัน
36,2,ประเวศ,ประเวศ
37,2,ป้อมปราบศัตรูพ่าย,ป้อมปราบศัตรูพ่าย
38,2,พญาไท,พญาไท
39,2,พระโขนง,พระโขนง
40,2,พระนคร,พระนคร
41,2,ภาษีเจริญ,ภาษีเจริญ
42,2,มีนบุรี,มีนบุรี
43,2,ยานนาวา,ยานนาวา
44,2,ราชเทวี,ราชเทวี
45,2,ราษฎร์บูรณะ,ราษฎร์บูรณะ
46,2,ลาดกระบัง,ลาดกระบัง
47,2,ลาดพร้าว,ลาดพร้าว
48,2,วังทองหลาง,วังทองหลาง
49,2,วัฒนา,วัฒนา
50,2,สวนหลวง,สวนหลวง
51,2,สะพานสูง,สะพานสูง
52,2,สัมพันธวงศ์,สัมพันธวงศ์
53,2,สาทร,สาทร
54,2,สายไหม,สายไหม
55,2,หนองแขม,หนองแขม
56,2,หนองจอก,หนองจอก
57,2,หลักสี่,หลักสี่
58,2,ห้วยขวาง,ห้วยขวาง
59,3,ด่านมะขามเตี้ย,ด่านมะขามเตี้ย
60,3,ทองผาภูมิ,ทองผาภูมิ
61,3,ท่าม่วง,ท่าม่วง
62,3,ท่ามะกา,ท่ามะกา
63,3,ไทรโยค,ไทรโยค
64,3,บ่อพลอย,บ่อพลอย
65,3,พนมทวน,พนมทวน
66,3,เมืองกาญจนบุรี,เมืองกาญจนบุรี
67,3,เลาขวัญ,เลาขวัญ
68,3,ศรีสวัสดิ์,ศรีสวัสดิ์
69,3,สังขละบุรี,สังขละบุรี
70,3,หนองปรือ,หนองปรือ
71,3,ห้วยกระเจา,ห้วยกระเจา
72,4,กมลาไสย,กมลาไสย
73,4,กุฉินารายณ์,กุฉินารายณ์
74,4,เขาวง,เขาวง
75,4,คำม่วง,คำม่วง
76,4,ฆ้องชัย,ฆ้องชัย
77,4,ดอนจาน,ดอนจาน
78,4,ท่าคันโท,ท่าคันโท
79,4,นาคู,นาคู
80,4,นามน,นามน
81,4,เมืองกาฬสินธุ์,เมืองกาฬสินธุ์
82,4,ยางตลาด,ยางตลาด
83,4,ร่องคำ,ร่องคำ
84,4,สมเด็จ,สมเด็จ
85,4,สหัสขันธ์,สหัสขันธ์
86,4,สามชัย,สามชัย
87,4,หนองกุงศรี,หนองกุงศรี
88,4,ห้วยผึ้ง,ห้วยผึ้ง
89,4,ห้วยเม็ก,ห้วยเม็ก
90,5,โกสัมพีนคร,โกสัมพีนคร
91,5,ขาณุวรลักษบุรี,ขาณุวรลักษบุรี
92,5,คลองขลุง,คลองขลุง
93,5,คลองลาน,คลองลาน
94,5,ทรายทองวัฒนา,ทรายทองวัฒนา
95,5,ไทรงาม,ไทรงาม
96,5,บึงสามัคคี,บึงสามัคคี
97,5,ปางศิลาทอง,ปางศิลาทอง
98,5,พรานกระต่าย,พรานกระต่าย
99,5,เมืองกำแพงเพชร,เมืองกำแพงเพชร
100,5,ลานกระบือ,ลานกระบือ
101,6,กระนวน,กระนวน
102,6,เขาสวนกวาง,เขาสวนกวาง
103,6,โคกโพธิ์ไชย,โคกโพธิ์ไชย
104,6,ชนบท,ชนบท
105,6,ชุมแพ,ชุมแพ
106,6,ซำสูง,ซำสูง
107,6,น้ำพอง,น้ำพอง
108,6,โนนศิลา,โนนศิลา
109,6,บ้านไผ่,บ้านไผ่
110,6,บ้านฝาง,บ้านฝาง
111,6,บ้านแฮด,บ้านแฮด
112,6,เปือยน้อย,เปือยน้อย
113,6,พระยืน,พระยืน
114,6,พล,พล
115,6,ภูผาม่าน,ภูผาม่าน
116,6,ภูเวียง,ภูเวียง
117,6,มัญจาคีรี,มัญจาคีรี
118,6,เมืองขอนแก่น,เมืองขอนแก่น
119,6,เวียงเก่า,เวียงเก่า
120,6,แวงน้อย,แวงน้อย
121,6,แวงใหญ่,แวงใหญ่
122,6,สีชมพู,สีชมพู
123,6,หนองนาคำ,หนองนาคำ
124,6,หนองเรือ,หนองเรือ
125,6,หนองสองห้อง,หนองสองห้อง
126,6,อุบลรัตน์,อุบลรัตน์
127,7,แก่งหางแมว,แก่งหางแมว
128,7,ขลุง,ขลุง
129,7,เขาคิชฌกูฏ,เขาคิชฌกูฏ
130,7,ท่าใหม่,ท่าใหม่
131,7,นายายอาม,นายายอาม
132,7,โป่งน้ำร้อน,โป่งน้ำร้อน
133,7,มะขาม,มะขาม
134,7,เมืองจันทบุรี,เมืองจันทบุรี
135,7,สอยดาว,สอยดาว
136,7,แหลมสิงห์,แหลมสิงห์
137,8,คลองเขื่อน,คลองเขื่อน
138,8,ท่าตะเกียบ,ท่าตะเกียบ
139,8,บางคล้า,บางคล้า
140,8,บางน้ำเปรี้ยว,บางน้ำเปรี้ยว
141,8,บางปะกง,บางปะกง
142,8,บ้านโพธิ์,บ้านโพธิ์
143,8,แปลงยาว,แปลงยาว
144,8,พนมสารคาม,พนมสารคาม
145,8,เมืองฉะเชิงเทรา,เมืองฉะเชิงเทรา
146,8,ราชสาส์น,ราชสาส์น
147,8,สนามชัยเขต,สนามชัยเขต
148,9,เกาะจันทร์,เกาะจันทร์
149,9,เกาะสีชัง,เกาะสีชัง
150,9,บ่อทอง,บ่อทอง
151,9,บางละมุง,บางละมุง
152,9,บ้านบึง,บ้านบึง
153,9,พนัสนิคม,พนัสนิคม
154,9,พานทอง,พานทอง
155,9,เมืองชลบุรี,เมืองชลบุรี
156,9,ศรีราชา,ศรีราชา
157,9,สัตหีบ,สัตหีบ
158,9,หนองใหญ่,หนองใหญ่
159,10,เนินขาม,เนินขาม
160,10,มโนรมย์,มโนรมย์
161,10,เมืองชัยนาท,เมืองชัยนาท
162,10,วัดสิงห์,วัดสิงห์
163,10,สรรคบุรี,สรรคบุรี
164,10,สรรพยา,สรรพยา
165,10,หนองมะโมง,หนองมะโมง
166,10,หันคา,หันคา
167,11,เกษตรสมบูรณ์,เกษตรสมบูรณ์
168,11,แก้งคร้อ,แก้งคร้อ
169,11,คอนสวรรค์,คอนสวรรค์
170,11,คอนสาร,คอนสาร
171,11,จัตุรัส,จัตุรัส
172,11,ซับใหญ่,ซับใหญ่
173,11,เทพสถิต,เทพสถิต
174,11,เนินสง่า,เนินสง่า
175,11,บ้านเขว้า,บ้านเขว้า
176,11,บ้านแท่น,บ้านแท่น
177,11,บำเหน็จณรงค์,บำเหน็จณรงค์
178,11,ภักดีชุมพล,ภักดีชุมพล
179,11,ภูเขียว,ภูเขียว
180,11,เมืองชัยภูมิ,เมืองชัยภูมิ
181,11,หนองบัวแดง,หนองบัวแดง
182,11,หนองบัวระเหว,หนองบัวระเหว
183,12,ท่าแซะ,ท่าแซะ
184,12,ทุ่งตะโก,ทุ่งตะโก
185,12,ปะทิว,ปะทิว
186,12,พะโต๊ะ,พะโต๊ะ
187,12,เมืองชุมพร,เมืองชุมพร
188,12,ละแม,ละแม
189,12,สวี,สวี
190,12,หลังสวน,หลังสวน
191,13,ขุนตาล,ขุนตาล
192,13,เชียงของ,เชียงของ
193,13,เชียงแสน,เชียงแสน
194,13,ดอยหลวง,ดอยหลวง
195,13,เทิง,เทิง
196,13,ป่าแดด,ป่าแดด
197,13,พญาเม็งราย,พญาเม็งราย
198,13,พาน,พาน
199,13,เมืองเชียงราย,เมืองเชียงราย
200,13,แม่จัน,แม่จัน
201,13,แม่ฟ้าหลวง,แม่ฟ้าหลวง
202,13,แม่ลาว,แม่ลาว
203,13,แม่สรวย,แม่สรวย
204,13,แม่สาย,แม่สาย
205,13,เวียงแก่น,เวียงแก่น
206,13,เวียงชัย,เวียงชัย
207,13,เวียงเชียงรุ้ง,เวียงเชียงรุ้ง
208,13,เวียงป่าเป้า,เวียงป่าเป้า
209,14,กัลยาณิวัฒนา,กัลยาณิวัฒนา
210,14,จอมทอง,จอมทอง
211,14,เชียงดาว,เชียงดาว
212,14,ไชยปราการ,ไชยปราการ
213,14,ดอยเต่า,ดอยเต่า
214,14,ดอยสะเก็ด,ดอยสะเก็ด
215,14,ดอยหล่อ,ดอยหล่อ
216,14,ฝาง,ฝาง
217,14,พร้าว,พร้าว
218,14,เมืองเชียงใหม่,เมืองเชียงใหม่
219,14,แม่แจ่ม,แม่แจ่ม
220,14,แม่แตง,แม่แตง
221,14,แม่ริม,แม่ริม
222,14,แม่วาง,แม่วาง
223,14,แม่ออน,แม่ออน
224,14,แม่อาย,แม่อาย
225,14,เวียงแหง,เวียงแหง
226,14,สะเมิง,สะเมิง
227,14,สันกำแพง,สันกำแพง
228,14,สันทราย,สันทราย
229,14,สันป่าตอง,สันป่าตอง
230,14,สารภี,สารภี
231,14,หางดง,หางดง
232,14,อมก๋อย,อมก๋อย
233,14,ฮอด,ฮอด
234,15,กันตัง,กันตัง
235,15,นาโยง,นาโยง
236,15,ปะเหลียน,ปะเหลียน
237,15,เมืองตรัง,เมืองตรัง
238,15,ย่านตาขาว,ย่านตาขาว
239,15,รัษฎา,รัษฎา
240,15,วังวิเศษ,วังวิเศษ
241,15,สิเกา,สิเกา
242,15,ห้วยยอด,ห้วยยอด
243,15,หาดสำราญ,หาดสำราญ
244,16,เกาะกูด,เกาะกูด
245,16,เกาะช้าง,เกาะช้าง
246,16,เขาสมิง,เขาสมิง
247,16,คลองใหญ่,คลองใหญ่
248,16,บ่อไร่,บ่อไร่
249,16,เมืองตราด,เมืองตราด
250,16,แหลมงอบ,แหลมงอบ
251,17,ท่าสองยาง,ท่าสองยาง
252,17,บ้านตาก,บ้านตาก
253,17,พบพระ,พบพระ
254,17,เมืองตาก,เมืองตาก
255,17,แม่ระมาด,แม่ระมาด
256,17,แม่สอด,แม่สอด
257,17,วังเจ้า,วังเจ้า
258,17,สามเงา,สามเงา
259,17,อุ้มผาง,อุ้มผาง
260,18,บ้านนา,บ้านนา
261,18,ปากพลี,ปากพลี
262,18,เมืองนครนายก,เมืองนครนายก
263,18,องครักษ์,องครักษ์
264,19,กำแพงแสน,กำแพงแสน
265,19,ดอนตูม,ดอนตูม
266,19,นครชัยศรี,นครชัยศรี
267,19,บางเลน,บางเลน
268,19,พุทธมณฑล,พุทธมณฑล
269,19,เมืองนครปฐม,เมืองนครปฐม
270,19,สามพราน,สามพราน
271,20,ท่าอุเทน,ท่าอุเทน
272,20,ธาตุพนม,ธาตุพนม
273,20,นาแก,นาแก
274,20,นาทม,นาทม
275,20,นาหว้า,นาหว้า
276,20,บ้านแพง,บ้านแพง
277,20,ปลาปาก,ปลาปาก
278,20,โพนสวรรค์,โพนสวรรค์
279,20,เมืองนครพนม,เมืองนครพนม
280,20,เรณูนคร,เรณูนคร
281,20,วังยาง,วังยาง
282,20,ศรีสงคราม,ศรีสงคราม
283,21,แก้งสนามนาง,แก้งสนามนาง
284,21,ขามทะเลสอ,ขามทะเลสอ
285,21,ขามสะแกแสง,ขามสะแกแสง
286,21,คง,คง
287,21,ครบุรี,ครบุรี
288,21,จักราช,จักราช
289,21,เฉลิมพระเกียรติ,เฉลิมพระเกียรติ
290,21,ชุมพวง,ชุมพวง
291,21,โชคชัย,โชคชัย
292,21,ด่านขุนทด,ด่านขุนทด
293,21,เทพารักษ์,เทพารักษ์
294,21,โนนแดง,โนนแดง
295,21,โนนไทย,โนนไทย
296,21,โนนสูง,โนนสูง
297,21,บัวลาย,บัวลาย
298,21,บัวใหญ่,บัวใหญ่
299,21,บ้านเหลื่อม,บ้านเหลื่อม
300,21,ประทาย,ประทาย
301,21,ปักธงชัย,ปักธงชัย
302,21,ปากช่อง,ปากช่อง
303,21,พระทองคำ,พระทองคำ
304,21,พิมาย,พิมาย
305,21,เมืองนครราชสีมา,เมืองนครราชสีมา
306,21,เมืองยาง,เมืองยาง
307,21,ลำทะเมนชัย,ลำทะเมนชัย
308,21,วังน้ำเขียว,วังน้ำเขียว
309,21,สีคิ้ว,สีคิ้ว
310,21,สีดา,สีดา
311,21,สูงเนิน,สูงเนิน
312,21,เสิงสาง,เสิงสาง
313,21,หนองบุญมาก,หนองบุญมาก
314,21,ห้วยแถลง,ห้วยแถลง
315,22,ขนอม,ขนอม
316,22,จุฬาภรณ์,จุฬาภรณ์
317,22,ฉวาง,ฉวาง
318,22,เฉลิมพระเกียรติ,เฉลิมพระเกียรติ
319,22,ชะอวด,ชะอวด
320,22,ช้างกลาง,ช้างกลาง
321,22,เชียรใหญ่,เชียรใหญ่
322,22,ถ้ำพรรณรา,ถ้ำพรรณรา
323,22,ท่าศาลา,ท่าศาลา
324,22,ทุ่งสง,ทุ่งสง
325,22,ทุ่งใหญ่,ทุ่งใหญ่
326,22,นบพิตำ,นบพิตำ
327,22,นาบอน,นาบอน
328,22,บางขัน,บางขัน
329,22,ปากพนัง,ปากพนัง
330,22,พรหมคีรี,พรหมคีรี
331,22,พระพรหม,พระพรหม
332,22,พิปูน,พิปูน
333,22,เมืองนครศรีธรรมราช,เมืองนครศรีธรรมราช
334,22,ร่อนพิบูลย์,ร่อนพิบูลย์
335,22,ลานสกา,ลานสกา
336,22,สิชล,สิชล
337,22,หัวไทร,หัวไทร
338,23,เก้าเลี้ยว,เก้าเลี้ยว
339,23,โกรกพระ,โกรกพระ
340,23,ชุมตาบง,ชุมตาบง
341,23,ชุมแสง,ชุมแสง
342,23,ตากฟ้า,ตากฟ้า
343,23,ตาคลี,ตาคลี
344,23,ท่าตะโก,ท่าตะโก
345,23,บรรพตพิสัย,บรรพตพิสัย
346,23,พยุหะคีรี,พยุหะคีรี
347,23,ไพศาลี,ไพศาลี
348,23,เมืองนครสวรรค์,เมืองนครสวรรค์
349,23,แม่เปิน,แม่เปิน
350,23,แม่วงก์,แม่วงก์
351,23,ลาดยาว,ลาดยาว
352,23,หนองบัว,หนองบัว
353,24,ไทรน้อย,ไทรน้อย
354,24,บางกรวย,บางกรวย
355,24,บางบัวทอง,บางบัวทอง
356,24,บางใหญ่,บางใหญ่
357,24,ปากเกร็ด,ปากเกร็ด
358,24,เมืองนนทบุรี,เมืองนนทบุรี
359,25,จะแนะ,จะแนะ
360,25,เจาะไอร้อง,เจาะไอร้อง
361,25,ตากใบ,ตากใบ
362,25,บาเจาะ,บาเจาะ
363,25,เมืองนราธิวาส,เมืองนราธิวาส
364,25,ยี่งอ,ยี่งอ
365,25,ระแงะ,ระแงะ
366,25,รือเสาะ,รือเสาะ
367,25,แว้ง,แว้ง
368,25,ศรีสาคร,ศรีสาคร
369,25,สุคิริน,สุคิริน
370,25,สุไหงโก-ลก,สุไหงโก-ลก
371,25,สุไหงปาดี,สุไหงปาดี
372,26,เฉลิมพระเกียรติ,เฉลิมพระเกียรติ
373,26,เชียงกลาง,เชียงกลาง
374,26,ท่าวังผา,ท่าวังผา
375,26,ทุ่งช้าง,ทุ่งช้าง
376,26,นาน้อย,นาน้อย
377,26,นาหมื่น,นาหมื่น
378,26,บ่อเกลือ,บ่อเกลือ
379,26,บ้านหลวง,บ้านหลวง
380,26,ปัว,ปัว
381,26,ภูเพียง,ภูเพียง
382,26,เมืองน่าน,เมืองน่าน
383,26,แม่จริม,แม่จริม
384,26,เวียงสา,เวียงสา
385,26,สองแคว,สองแคว
386,26,สันติสุข,สันติสุข
387,27,เซกา,เซกา
388,27,โซ่พิสัย,โซ่พิสัย
389,27,บึงโขงหลง,บึงโขงหลง
390,27,บุ่งคล้า,บุ่งคล้า
391,27,ปากคาด,ปากคาด
392,27,พรเจริญ,พรเจริญ
393,27,เมืองบึงกาฬ,เมืองบึงกาฬ
394,27,ศรีวิไล,ศรีวิไล
395,28,กระสัง,กระสัง
396,28,คูเมือง,คูเมือง
397,28,แคนดง,แคนดง
398,28,เฉลิมพระเกียรติ,เฉลิมพระเกียรติ
399,28,ชำนิ,ชำนิ
400,28,นางรอง,นางรอง
401,28,นาโพธิ์,นาโพธิ์
402,28,โนนดินแดง,โนนดินแดง
403,28,โนนสุวรรณ,โนนสุวรรณ
404,28,บ้านกรวด,บ้านกรวด
405,28,บ้านด่าน,บ้านด่าน
406,28,บ้านใหม่ไชยพจน์,บ้านใหม่ไชยพจน์
407,28,ประโคนชัย,ประโคนชัย
408,28,ปะคำ,ปะคำ
409,28,พลับพลาชัย,พลับพลาชัย
410,28,พุทไธสง,พุทไธสง
411,28,เมืองบุรีรัมย์,เมืองบุรีรัมย์
412,28,ละหานทราย,ละหานทราย
413,28,ลำปลายมาศ,ลำปลายมาศ
414,28,สตึก,สตึก
415,28,หนองกี่,หนองกี่
416,28,หนองหงส์,หนองหงส์
417,28,ห้วยราช,ห้วยราช
418,29,คลองหลวง,คลองหลวง
419,29,ธัญบุรี,ธัญบุรี
420,29,เมืองปทุมธานี,เมืองปทุมธานี
421,29,ลาดหลุมแก้ว,ลาดหลุมแก้ว
422,29,ลำลูกกา,ลำลูกกา
423,29,สามโคก,สามโคก
424,29,หนองเสือ,หนองเสือ
425,30,กุยบุรี,กุยบุรี
426,30,ทับสะแก,ทับสะแก
427,30,บางสะพาน,บางสะพาน
428,30,บางสะพานน้อย,บางสะพานน้อย
429,30,ปราณบุรี,ปราณบุรี
430,30,เมืองประจวบคีรีขันธ์,เมืองประจวบคีรีขันธ์
431,30,สามร้อยยอด,สามร้อยยอด
432,30,หัวหิน,หัวหิน
433,31,กบินทร์บุรี,กบินทร์บุรี
434,31,นาดี,นาดี
435,31,บ้านสร้าง,บ้านสร้าง
436,31,ประจันตคาม,ประจันตคาม
437,31,เมืองปราจีนบุรี,เมืองปราจีนบุรี
438,31,ศรีมหาโพธิ,ศรีมหาโพธิ
439,31,ศรีมโหสถ,ศรีมโหสถ
440,32,กะพ้อ,กะพ้อ
441,32,โคกโพธิ์,โคกโพธิ์
442,32,ทุ่งยางแดง,ทุ่งยางแดง
443,32,ปะนาเระ,ปะนาเระ
444,32,มายอ,มายอ
445,32,เมืองปัตตานี,เมืองปัตตานี
446,32,แม่ลาน,แม่ลาน
447,32,ไม้แก่น,ไม้แก่น
448,32,ยะรัง,ยะรัง
449,32,ยะหริ่ง,ยะหริ่ง
450,32,สายบุรี,สายบุรี
451,32,หนองจิก,หนองจิก
452,33,ท่าเรือ,ท่าเรือ
453,33,นครหลวง,นครหลวง
454,33,บางซ้าย,บางซ้าย
455,33,บางไทร,บางไทร
456,33,บางบาล,บางบาล
457,33,บางปะหัน,บางปะหัน
458,33,บางปะอิน,บางปะอิน
459,33,บ้านแพรก,บ้านแพรก
460,33,ผักไห่,ผักไห่
461,33,พระนครศรีอยุธยา,พระนครศรีอยุธยา
462,33,ภาชี,ภาชี
463,33,มหาราช,มหาราช
464,33,ลาดบัวหลวง,ลาดบัวหลวง
465,33,วังน้อย,วังน้อย
466,33,เสนา,เสนา
467,33,อุทัย,อุทัย
468,34,จุน,จุน
469,34,เชียงคำ,เชียงคำ
470,34,เชียงม่วน,เชียงม่วน
471,34,ดอกคำใต้,ดอกคำใต้
472,34,ปง,ปง
473,34,ภูกามยาว,ภูกามยาว
474,34,ภูซาง,ภูซาง
475,34,เมืองพะเยา,เมืองพะเยา
476,34,แม่ใจ,แม่ใจ
477,35,กะปง,กะปง
478,35,เกาะยาว,เกาะยาว
479,35,คุระบุรี,คุระบุรี
480,35,ตะกั่วทุ่ง,ตะกั่วทุ่ง
481,35,ตะกั่วป่า,ตะกั่วป่า
482,35,ทับปุด,ทับปุด
483,35,ท้ายเหมือง,ท้ายเหมือง
484,35,เมืองพังงา,เมืองพังงา
485,36,กงหรา,กงหรา
486,36,เขาชัยสน,เขาชัยสน
487,36,ควนขนุน,ควนขนุน
488,36,ตะโหมด,ตะโหมด
489,36,บางแก้ว,บางแก้ว
490,36,ปากพะยูน,ปากพะยูน
491,36,ป่าบอน,ป่าบอน
492,36,ป่าพะยอม,ป่าพะยอม
493,36,เมืองพัทลุง,เมืองพัทลุง
494,36,ศรีนครินทร์,ศรีนครินทร์
495,36,ศรีบรรพต,ศรีบรรพต
496,37,ดงเจริญ,ดงเจริญ
497,37,ตะพานหิน,ตะพานหิน
498,37,ทับคล้อ,ทับคล้อ
499,37,บางมูลนาก,บางมูลนาก
500,37,บึงนาราง,บึงนาราง
501,37,โพทะเล,โพทะเล
502,37,โพธิ์ประทับช้าง,โพธิ์ประทับช้าง
503,37,เมืองพิจิตร,เมืองพิจิตร
504,37,วชิรบารมี,วชิรบารมี
505,37,วังทรายพูน,วังทรายพูน
506,37,สากเหล็ก,สากเหล็ก
507,37,สามง่าม,สามง่าม
508,38,ชาติตระการ,ชาติตระการ
509,38,นครไทย,นครไทย
510,38,เนินมะปราง,เนินมะปราง
511,38,บางกระทุ่ม,บางกระทุ่ม
512,38,บางระกำ,บางระกำ
513,38,พรหมพิราม,พรหมพิราม
514,38,เมืองพิษณุโลก,เมืองพิษณุโลก
515,38,วังทอง,วังทอง
516,38,วัดโบสถ์,วัดโบสถ์
517,39,แก่งกระจาน,แก่งกระจาน
518,39,เขาย้อย,เขาย้อย
519,39,ชะอำ,ชะอำ
520,39,ท่ายาง,ท่ายาง
521,39,บ้านลาด,บ้านลาด
522,39,บ้านแหลม,บ้านแหลม
523,39,เมืองเพชรบุรี,เมืองเพชรบุรี
524,39,หนองหญ้าปล้อง,หนองหญ้าปล้อง
525,40,เขาค้อ,เขาค้อ
526,40,ชนแดน,ชนแดน
527,40,น้ำหนาว,น้ำหนาว
528,40,บึงสามพัน,บึงสามพัน
529,40,เมืองเพชรบูรณ์,เมืองเพชรบูรณ์
530,40,วังโป่ง,วังโป่ง
531,40,วิเชียรบุรี,วิเชียรบุรี
532,40,ศรีเทพ,ศรีเทพ
533,40,หนองไผ่,หนองไผ่
534,40,หล่มเก่า,หล่มเก่า
535,40,หล่มสัก,หล่มสัก
536,41,เด่นชัย,เด่นชัย
537,41,เมืองแพร่,เมืองแพร่
538,41,ร้องกวาง,ร้องกวาง
539,41,ลอง,ลอง
540,41,วังชิ้น,วังชิ้น
541,41,สอง,สอง
542,41,สูงเม่น,สูงเม่น
543,41,หนองม่วงไข่,หนองม่วงไข่
544,42,กะทู้,กะทู้
545,42,ถลาง,ถลาง
546,42,เมืองภูเก็ต,เมืองภูเก็ต
547,43,กันทรวิชัย,กันทรวิชัย
548,43,กุดรัง,กุดรัง
549,43,แกดำ,แกดำ
550,43,โกสุมพิสัย,โกสุมพิสัย
551,43,ชื่นชม,ชื่นชม
552,43,เชียงยืน,เชียงยืน
553,43,นาเชือก,นาเชือก
554,43,นาดูน,นาดูน
555,43,บรบือ,บรบือ
556,43,พยัคฆภูมิพิสัย,พยัคฆภูมิพิสัย
557,43,เมืองมหาสารคาม,เมืองมหาสารคาม
558,43,ยางสีสุราช,ยางสีสุราช
559,43,วาปีปทุม,วาปีปทุม
560,44,คำชะอี,คำชะอี
561,44,ดงหลวง,ดงหลวง
562,44,ดอนตาล,ดอนตาล
563,44,นิคมคำสร้อย,นิคมคำสร้อย
564,44,เมืองมุกดาหาร,เมืองมุกดาหาร
565,44,หนองสูง,หนองสูง
566,44,หว้านใหญ่,หว้านใหญ่
567,45,ขุนยวม,ขุนยวม
568,45,ปางมะผ้า,ปางมะผ้า
569,45,ปาย,ปาย
570,45,เมืองแม่ฮ่องสอน,เมืองแม่ฮ่องสอน
571,45,แม่ลาน้อย,แม่ลาน้อย
572,45,แม่สะเรียง,แม่สะเรียง
573,45,สบเมย,สบเมย
574,46,กุดชุม,กุดชุม
575,46,ค้อวัง,ค้อวัง
576,46,คำเขื่อนแก้ว,คำเขื่อนแก้ว
577,46,ทรายมูล,ทรายมูล
578,46,ไทยเจริญ,ไทยเจริญ
579,46,ป่าติ้ว,ป่าติ้ว
580,46,มหาชนะชัย,มหาชนะชัย
581,46,เมืองยโสธร,เมืองยโสธร
582,46,เลิงนกทา,เลิงนกทา
583,47,กรงปินัง,กรงปินัง
584,47,กาบัง,กาบัง
585,47,ธารโต,ธารโต
586,47,บันนังสตา,บันนังสตา
587,47,เบตง,เบตง
588,47,เมืองยะลา,เมืองยะลา
589,47,ยะหา,ยะหา
590,47,รามัน,รามัน
591,48,เกษตรวิสัย,เกษตรวิสัย
592,48,จตุรพักตรพิมาน,จตุรพักตรพิมาน
593,48,จังหาร,จังหาร
594,48,เชียงขวัญ,เชียงขวัญ
595,48,ทุ่งเขาหลวง,ทุ่งเขาหลวง
596,48,ธวัชบุรี,ธวัชบุรี
597,48,ปทุมรัตต์,ปทุมรัตต์
598,48,พนมไพร,พนมไพร
599,48,โพธิ์ชัย,โพธิ์ชัย
600,48,โพนทราย,โพนทราย
601,48,โพนทอง,โพนทอง
602,48,เมยวดี,เมยวดี
603,48,เมืองร้อยเอ็ด,เมืองร้อยเอ็ด
604,48,เมืองสรวง,เมืองสรวง
605,48,ศรีสมเด็จ,ศรีสมเด็จ
606,48,สุวรรณภูมิ,สุวรรณภูมิ
607,48,เสลภูมิ,เสลภูมิ
608,48,หนองพอก,หนองพอก
609,48,หนองฮี,หนองฮี
610,48,อาจสามารถ,อาจสามารถ
611,49,กระบุรี,กระบุรี
612,49,กะเปอร์,กะเปอร์
613,49,เมืองระนอง,เมืองระนอง
614,49,ละอุ่น,ละอุ่น
615,49,สุขสำราญ,สุขสำราญ
616,50,แกลง,แกลง
617,50,เขาชะเมา,เขาชะเมา
618,50,นิคมพัฒนา,นิคมพัฒนา
619,50,บ้านค่าย,บ้านค่าย
620,50,บ้านฉาง,บ้านฉาง
621,50,ปลวกแดง,ปลวกแดง
622,50,เมืองระยอง,เมืองระยอง
623,50,วังจันทร์,วังจันทร์
624,51,จอมบึง,จอมบึง
625,51,ดำเนินสะดวก,ดำเนินสะดวก
626,51,บางแพ,บางแพ
627,51,บ้านคา,บ้านคา
628,51,บ้านโป่ง,บ้านโป่ง
629,51,ปากท่อ,ปากท่อ
630,51,โพธาราม,โพธาราม
631,51,เมืองราชบุรี,เมืองราชบุรี
632,51,วัดเพลง,วัดเพลง
633,51,สวนผึ้ง,สวนผึ้ง
634,52,โคกเจริญ,โคกเจริญ
635,52,โคกสำโรง,โคกสำโรง
636,52,ชัยบาดาล,ชัยบาดาล
637,52,ท่าวุ้ง,ท่าวุ้ง
638,52,ท่าหลวง,ท่าหลวง
639,52,บ้านหมี่,บ้านหมี่
640,52,พัฒนานิคม,พัฒนานิคม
641,52,เมืองลพบุรี,เมืองลพบุรี
642,52,ลำสนธิ,ลำสนธิ
643,52,สระโบสถ์,สระโบสถ์
644,52,หนองม่วง,หนองม่วง
645,53,เกาะคา,เกาะคา
646,53,งาว,งาว
647,53,แจ้ห่ม,แจ้ห่ม
648,53,เถิน,เถิน
649,53,เมืองปาน,เมืองปาน
650,53,เมืองลำปาง,เมืองลำปาง
651,53,แม่ทะ,แม่ทะ
652,53,แม่พริก,แม่พริก
653,53,แม่เมาะ,แม่เมาะ
654,53,วังเหนือ,วังเหนือ
655,53,สบปราบ,สบปราบ
656,53,เสริมงาม,เสริมงาม
657,53,ห้างฉัตร,ห้างฉัตร
658,54,ทุ่งหัวช้าง,ทุ่งหัวช้าง
659,54,บ้านธิ,บ้านธิ
660,54,บ้านโฮ่ง,บ้านโฮ่ง
661,54,ป่าซาง,ป่าซาง
662,54,เมืองลำพูน,เมืองลำพูน
663,54,แม่ทา,แม่ทา
664,54,ลี้,ลี้
665,54,เวียงหนองล่อง,เวียงหนองล่อง
666,55,เชียงคาน,เชียงคาน
667,55,ด่านซ้าย,ด่านซ้าย
668,55,ท่าลี่,ท่าลี่
669,55,นาด้วง,นาด้วง
670,55,นาแห้ว,นาแห้ว
671,55,ปากชม,ปากชม
672,55,ผาขาว,ผาขาว
673,55,ภูกระดึง,ภูกระดึง
674,55,ภูเรือ,ภูเรือ
675,55,ภูหลวง,ภูหลวง
676,55,เมืองเลย,เมืองเลย
677,55,วังสะพุง,วังสะพุง
678,55,หนองหิน,หนองหิน
679,55,เอราวัณ,เอราวัณ
680,56,กันทรลักษ์,กันทรลักษ์
681,56,กันทรารมย์,กันทรารมย์
682,56,ขุขันธ์,ขุขันธ์
683,56,ขุนหาญ,ขุนหาญ
684,56,น้ำเกลี้ยง,น้ำเกลี้ยง
685,56,โนนคูณ,โนนคูณ
686,56,บึงบูรพ์,บึงบูรพ์
687,56,เบญจลักษ์,เบญจลักษ์
688,56,ปรางค์กู่,ปรางค์กู่
689,56,พยุห์,พยุห์
690,56,โพธิ์ศรีสุวรรณ,โพธิ์ศรีสุวรรณ
691,56,ไพรบึง,ไพรบึง
692,56,ภูสิงห์,ภูสิงห์
693,56,เมืองจันทร์,เมืองจันทร์
694,56,เมืองศรีสะเกษ,เมืองศรีสะเกษ
695,56,ยางชุมน้อย,ยางชุมน้อย
696,56,ราษีไศล,ราษีไศล
697,56,วังหิน,วังหิน
698,56,ศรีรัตนะ,ศรีรัตนะ
699,56,ศิลาลาด,ศิลาลาด
700,56,ห้วยทับทัน,ห้วยทับทัน
701,56,อุทุมพรพิสัย,อุทุมพรพิสัย
702,57,กุดบาก,กุดบาก
703,57,กุสุมาลย์,กุสุมาลย์
704,57,คำตากล้า,คำตากล้า
705,57,โคกศรีสุพรรณ,โคกศรีสุพรรณ
706,57,เจริญศิลป์,เจริญศิลป์
707,57,เต่างอย,เต่างอย
708,57,นิคมน้ำอูน,นิคมน้ำอูน
709,57,บ้านม่วง,บ้านม่วง
710,57,พรรณานิคม,พรรณานิคม
711,57,พังโคน,พังโคน
712,57,โพนนาแก้ว,โพนนาแก้ว
713,57,ภูพาน,ภูพาน
714,57,เมืองสกลนคร,เมืองสกลนคร
715,57,วานรนิวาส,วานรนิวาส
716,57,วาริชภูมิ,วาริชภูมิ
717,57,สว่างแดนดิน,สว่างแดนดิน
718,57,ส่องดาว,ส่องดาว
719,57,อากาศอำนวย,อากาศอำนวย
720,58,กระแสสินธุ์,กระแสสินธุ์
721,58,คลองหอยโข่ง,คลองหอยโข่ง
722,58,ควนเนียง,ควนเนียง
723,58,จะนะ,จะนะ
724,58,เทพา,เทพา
725,58,นาทวี,นาทวี
726,58,นาหม่อม,นาหม่อม
727,58,บางกล่ำ,บางกล่ำ
728,58,เมืองสงขลา,เมืองสงขลา
729,58,ระโนด,ระโนด
730,58,รัตภูมิ,รัตภูมิ
731,58,สทิงพระ,สทิงพระ
732,58,สะเดา,สะเดา
733,58,สะบ้าย้อย,สะบ้าย้อย
734,58,สิงหนคร,สิงหนคร
735,58,หาดใหญ่,หาดใหญ่
736,59,ควนกาหลง,ควนกาหลง
737,59,ควนโดน,ควนโดน
738,59,ท่าแพ,ท่าแพ
739,59,ทุ่งหว้า,ทุ่งหว้า
740,59,มะนัง,มะนัง
741,59,เมืองสตูล,เมืองสตูล
742,59,ละงู,ละงู
743,60,บางบ่อ,บางบ่อ
744,60,บางพลี,บางพลี
745,60,บางเสาธง,บางเสาธง
746,60,พระประแดง,พระประแดง
747,60,พระสมุทรเจดีย์,พระสมุทรเจดีย์
748,60,เมืองสมุทรปราการ,เมืองสมุทรปราการ
749,61,บางคนที,บางคนที
750,61,เมืองสมุทรสงคราม,เมืองสมุทรสงคราม
751,61,อัมพวา,อัมพวา
752,62,กระทุ่มแบน,กระทุ่มแบน
753,62,บ้านแพ้ว,บ้านแพ้ว
754,62,เมืองสมุทรสาคร,เมืองสมุทรสาคร
755,63,เขาฉกรรจ์,เขาฉกรรจ์
756,63,คลองหาด,คลองหาด
757,63,โคกสูง,โคกสูง
758,63,ตาพระยา,ตาพระยา
759,63,เมืองสระแก้ว,เมืองสระแก้ว
760,63,วังน้ำเย็น,วังน้ำเย็น
761,63,วังสมบูรณ์,วังสมบูรณ์
762,63,วัฒนานคร,วัฒนานคร
763,63,อรัญประเทศ,อรัญประเทศ
764,64,แก่งคอย,แก่งคอย
765,64,เฉลิมพระเกียรติ,เฉลิมพระเกียรติ
766,64,ดอนพุด,ดอนพุด
767,64,บ้านหมอ,บ้านหมอ
768,64,พระพุทธบาท,พระพุทธบาท
769,64,มวกเหล็ก,มวกเหล็ก
770,64,เมืองสระบุรี,เมืองสระบุรี
771,64,วังม่วง,วังม่วง
772,64,วิหารแดง,วิหารแดง
773,64,เสาไห้,เสาไห้
774,64,หนองแค,หนองแค
775,64,หนองแซง,หนองแซง
776,64,หนองโดน,หนองโดน
777,65,ค่ายบางระจัน,ค่ายบางระจัน
778,65,ท่าช้าง,ท่าช้าง
779,65,บางระจัน,บางระจัน
780,65,พรหมบุรี,พรหมบุรี
781,65,เมืองสิงห์บุรี,เมืองสิงห์บุรี
782,65,อินทร์บุรี,อินทร์บุรี
783,66,กงไกรลาศ,กงไกรลาศ
784,66,คีรีมาศ,คีรีมาศ
785,66,ทุ่งเสลี่ยม,ทุ่งเสลี่ยม
786,66,บ้านด่านลานหอย,บ้านด่านลานหอย
787,66,เมืองสุโขทัย,เมืองสุโขทัย
788,66,ศรีนคร,ศรีนคร
789,66,ศรีสัชนาลัย,ศรีสัชนาลัย
790,66,ศรีสำโรง,ศรีสำโรง
791,66,สวรรคโลก,สวรรคโลก
792,67,ดอนเจดีย์,ดอนเจดีย์
793,67,ด่านช้าง,ด่านช้าง
794,67,เดิมบางนางบวช,เดิมบางนางบวช
795,67,บางปลาม้า,บางปลาม้า
796,67,เมืองสุพรรณบุรี,เมืองสุพรรณบุรี
797,67,ศรีประจันต์,ศรีประจันต์
798,67,สองพี่น้อง,สองพี่น้อง
799,67,สามชุก,สามชุก
800,67,หนองหญ้าไซ,หนองหญ้าไซ
801,67,อู่ทอง,อู่ทอง
802,68,กาญจนดิษฐ์,กาญจนดิษฐ์
803,68,เกาะพะงัน,เกาะพะงัน
804,68,เกาะสมุย,เกาะสมุย
805,68,คีรีรัฐนิคม,คีรีรัฐนิคม
806,68,เคียนซา,เคียนซา
807,68,ชัยบุรี,ชัยบุรี
808,68,ไชยา,ไชยา
809,68,ดอนสัก,ดอนสัก
810,68,ท่าฉาง,ท่าฉาง
811,68,ท่าชนะ,ท่าชนะ
812,68,บ้านตาขุน,บ้านตาขุน
813,68,บ้านนาเดิม,บ้านนาเดิม
814,68,บ้านนาสาร,บ้านนาสาร
815,68,พนม,พนม
816,68,พระแสง,พระแสง
817,68,พุนพิน,พุนพิน
818,68,เมืองสุราษฎร์ธานี,เมืองสุราษฎร์ธานี
819,68,วิภาวดี,วิภาวดี
820,68,เวียงสระ,เวียงสระ
821,69,กาบเชิง,กาบเชิง
822,69,เขวาสินรินทร์,เขวาสินรินทร์
823,69,จอมพระ,จอมพระ
824,69,ชุมพลบุรี,ชุมพลบุรี
825,69,ท่าตูม,ท่าตูม
826,69,โนนนารายณ์,โนนนารายณ์
827,69,บัวเชด,บัวเชด
828,69,ปราสาท,ปราสาท
829,69,พนมดงรัก,พนมดงรัก
830,69,เมืองสุรินทร์,เมืองสุรินทร์
831,69,รัตนบุรี,รัตนบุรี
832,69,ลำดวน,ลำดวน
833,69,ศรีณรงค์,ศรีณรงค์
834,69,ศีขรภูมิ,ศีขรภูมิ
835,69,สนม,สนม
836,69,สังขะ,สังขะ
837,69,สำโรงทาบ,สำโรงทาบ
838,70,ท่าบ่อ,ท่าบ่อ
839,70,เฝ้าไร่,เฝ้าไร่
840,70,โพธิ์ตาก,โพธิ์ตาก
841,70,โพนพิสัย,โพนพิสัย
842,70,เมืองหนองคาย,เมืองหนองคาย
843,70,รัตนวาปี,รัตนวาปี
844,70,ศรีเชียงใหม่,ศรีเชียงใหม่
845,70,สระใคร,สระใคร
846,70,สังคม,สังคม
847,71,นากลาง,นากลาง
848,71,นาวัง,นาวัง
849,71,โนนสัง,โนนสัง
850,71,เมืองหนองบัวลำภู,เมืองหนองบัวลำภู
851,71,ศรีบุญเรือง,ศรีบุญเรือง
852,71,สุวรรณคูหา,สุวรรณคูหา
853,72,ไชโย,ไชโย
854,72,ป่าโมก,ป่าโมก
855,72,โพธิ์ทอง,โพธิ์ทอง
856,72,เมืองอ่างทอง,เมืองอ่างทอง
857,72,วิเศษชัยชาญ,วิเศษชัยชาญ
858,72,สามโก้,สามโก้
859,72,แสวงหา,แสวงหา
860,73,ชานุมาน,ชานุมาน
861,73,ปทุมราชวงศา,ปทุมราชวงศา
862,73,พนา,พนา
863,73,เมืองอำนาจเจริญ,เมืองอำนาจเจริญ
864,73,ลืออำนาจ,ลืออำนาจ
865,73,เสนางคนิคม,เสนางคนิคม
866,73,หัวตะพาน,หัวตะพาน
867,74,กุดจับ,กุดจับ
868,74,กุมภวาปี,กุมภวาปี
869,74,กู่แก้ว,กู่แก้ว
870,74,ไชยวาน,ไชยวาน
871,74,ทุ่งฝน,ทุ่งฝน
872,74,นายูง,นายูง
873,74,น้ำโสม,น้ำโสม
874,74,โนนสะอาด,โนนสะอาด
875,74,บ้านดุง,บ้านดุง
876,74,บ้านผือ,บ้านผือ
877,74,ประจักษ์ศิลปาคม,ประจักษ์ศิลปาคม
878,74,พิบูลย์รักษ์,พิบูลย์รักษ์
879,74,เพ็ญ,เพ็ญ
880,74,เมืองอุดรธานี,เมืองอุดรธานี
881,74,วังสามหมอ,วังสามหมอ
882,74,ศรีธาตุ,ศรีธาตุ
883,74,สร้างคอม,สร้างคอม
884,74,หนองวัวซอ,หนองวัวซอ
885,74,หนองแสง,หนองแสง
886,74,หนองหาน,หนองหาน
887,75,ตรอน,ตรอน
888,75,ทองแสนขัน,ทองแสนขัน
889,75,ท่าปลา,ท่าปลา
890,75,น้ำปาด,น้ำปาด
891,75,บ้านโคก,บ้านโคก
892,75,พิชัย,พิชัย
893,75,ฟากท่า,ฟากท่า
894,75,เมืองอุตรดิตถ์,เมืองอุตรดิตถ์
895,75,ลับแล,ลับแล
896,76,ทัพทัน,ทัพทัน
897,76,บ้านไร่,บ้านไร่
898,76,เมืองอุทัยธานี,เมืองอุทัยธานี
899,76,ลานสัก,ลานสัก
900,76,สว่างอารมณ์,สว่างอารมณ์
901,76,หนองขาหย่าง,หนองขาหย่าง
902,76,หนองฉาง,หนองฉาง
903,76,ห้วยคต,ห้วยคต
904,77,กุดข้าวปุ้น,กุดข้าวปุ้น
905,77,เขมราฐ,เขมราฐ
906,77,เขื่องใน,เขื่องใน
907,77,โขงเจียม,โขงเจียม
908,77,ดอนมดแดง,ดอนมดแดง
909,77,เดชอุดม,เดชอุดม
910,77,ตระการพืชผล,ตระการพืชผล
911,77,ตาลสุม,ตาลสุม
912,77,ทุ่งศรีอุดม,ทุ่งศรีอุดม
913,77,นาจะหลวย,นาจะหลวย
914,77,นาตาล,นาตาล
915,77,นาเยีย,นาเยีย
916,77,น้ำขุ่น,น้ำขุ่น
917,77,น้ำยืน,น้ำยืน
918,77,บุณฑริก,บุณฑริก
919,77,พิบูลมังสาหาร,พิบูลมังสาหาร
920,77,โพธิ์ไทร,โพธิ์ไทร
921,77,ม่วงสามสิบ,ม่วงสามสิบ
922,77,เมืองอุบลราชธานี,เมืองอุบลราชธานี
923,77,วารินชำราบ,วารินชำราบ
924,77,ศรีเมืองใหม่,ศรีเมืองใหม่
925,77,สว่างวีระวงศ์,สว่างวีระวงศ์
926,77,สำโรง,สำโรง
927,77,สิรินธร,สิรินธร
928,77,เหล่าเสือโก้ก,เหล่าเสือโก้ก
